Name,Category,*Original Template,**Type,**Function,**RU Size,**Mount Config,**Template Structure
H-S_1RU-LiSA-Fiber-Tray,Enclosure,H-S_1RU-LiSA-Fiber-Tray,Standard,Passive,1,2-Post,"{""sizeX"":null,""sizeY"":null,""parentH"":null,""parentV"":null,""frontImage"":null,""rearImage"":null,""structure"":[[{""portLayoutX"":1,""portLayoutY"":1,""encLayoutX"":0,""encLayoutY"":0,""partitionType"":""Generic"",""portOrientation"":1,""portType"":1,""mediaType"":1,""portNameFormat"":[{""type"":""static"",""value"":""Port"",""count"":0,""order"":0},{""type"":""incremental"",""value"":""1"",""count"":0,""order"":1}],""direction"":""row"",""vunits"":2,""hunits"":10,""flex"":""0"",""children"":[{""portLayoutX"":1,""portLayoutY"":1,""encLayoutX"":0,""encLayoutY"":0,""partitionType"":""Generic"",""portOrientation"":1,""portType"":1,""mediaType"":1,""portNameFormat"":[{""type"":""static"",""value"":""Port"",""count"":0,""order"":0},{""type"":""incremental"",""value"":""1"",""count"":0,""order"":1}],""direction"":""column"",""vunits"":2,""hunits"":5,""flex"":""0.5"",""children"":[{""portLayoutX"":1,""portLayoutY"":1,""encLayoutX"":""1"",""encLayoutY"":""1"",""partitionType"":""Enclosure"",""portOrientation"":1,""portType"":1,""mediaType"":1,""portNameFormat"":[{""type"":""static"",""value"":""Port"",""count"":0,""order"":0},{""type"":""incremental"",""value"":""1"",""count"":0,""order"":1}],""direction"":""row"",""vunits"":1,""hunits"":5,""flex"":""0.5""},{""portLayoutX"":1,""portLayoutY"":1,""encLayoutX"":""1"",""encLayoutY"":""1"",""partitionType"":""Enclosure"",""portOrientation"":1,""portType"":1,""mediaType"":1,""portNameFormat"":[{""type"":""static"",""value"":""Port"",""count"":0,""order"":0},{""type"":""incremental"",""value"":""1"",""count"":0,""order"":1}],""direction"":""row"",""vunits"":1,""hunits"":5,""flex"":""0.5""}]}]}]]}"
H-S_1way_12P_LC_OM4,MM_Fiber_Insert,H-S_1way_12P_LC_OM4,Insert,Passive,1,N/A,"{""sizeX"":""1"",""sizeY"":""1"",""parentH"":""5"",""parentV"":""1"",""frontImage"":null,""rearImage"":null,""structure"":[[{""portLayoutX"":""12"",""portLayoutY"":""1"",""encLayoutX"":0,""encLayoutY"":0,""partitionType"":""Connectable"",""portOrientation"":1,""portType"":""2"",""mediaType"":""6"",""portNameFormat"":[{""type"":""static"",""value"":""Port"",""count"":0,""order"":0},{""type"":""incremental"",""value"":""1"",""count"":0,""order"":1}],""direction"":""row"",""vunits"":1,""hunits"":5,""flex"":""0""}]]}"
New_Template,MM_Fiber_Insert,New_Template,Standard,Passive,1,2-Post,"{""sizeX"":null,""sizeY"":null,""parentH"":null,""parentV"":null,""frontImage"":null,""rearImage"":null,""structure"":[[{""portLayoutX"":1,""portLayoutY"":1,""encLayoutX"":0,""encLayoutY"":0,""partitionType"":""Generic"",""portOrientation"":1,""portType"":1,""mediaType"":1,""portNameFormat"":[{""type"":""static"",""value"":""Port"",""count"":0,""order"":0},{""type"":""incremental"",""value"":""1"",""count"":0,""order"":1}],""direction"":""row"",""vunits"":2,""hunits"":10,""flex"":""0"",""children"":[{""portLayoutX"":""6"",""portLayoutY"":""1"",""encLayoutX"":0,""encLayoutY"":0,""partitionType"":""Connectable"",""portOrientation"":1,""portType"":""2"",""mediaType"":""6"",""portNameFormat"":[{""type"":""static"",""value"":""Port"",""count"":0,""order"":0},{""type"":""incremental"",""value"":""1"",""count"":0,""order"":1}],""direction"":""column"",""vunits"":2,""hunits"":2,""flex"":""0.2""},{""portLayoutX"":""6"",""portLayoutY"":""1"",""encLayoutX"":0,""encLayoutY"":0,""partitionType"":""Connectable"",""portOrientation"":1,""portType"":1,""mediaType"":1,""portNameFormat"":[{""type"":""static"",""value"":""Port"",""count"":0,""order"":0},{""type"":""incremental"",""value"":""1"",""count"":0,""order"":1}],""direction"":""column"",""vunits"":2,""hunits"":3,""flex"":""0.3""}]}]]}"
H-S_2way_12P_LC_OM4,MM_Fiber_Insert,,Insert,Passive,1,N/A,"{""sizeX"": ""1"",""sizeY"": ""1"",""parentH"": ""5"",""parentV"": ""1"",""frontImage"": null,""rearImage"": null,""structure"": [[{""portLayoutX"": 1,""portLayoutY"": 1,""encLayoutX"": 0,""encLayoutY"": 0,""partitionType"": ""Generic"",""portOrientation"": 1,""portType"": 1,""mediaType"": 1,""portNameFormat"": [{""type"": ""static"",""value"": ""Port"",""count"": 0,""order"": 0}, {""type"": ""incremental"",""value"": ""1"",""count"": 0,""order"": 1}],""direction"": ""row"",""vunits"": 1,""hunits"": 5,""flex"": ""0"",""children"": [{""portLayoutX"": ""6"",""portLayoutY"": ""1"",""encLayoutX"": 0,""encLayoutY"": 0,""partitionType"": ""Connectable"",""portOrientation"": 1,""portType"": ""2"",""mediaType"": ""6"",""portNameFormat"": [{""type"": ""static"",""value"": ""Port"",""count"": 0,""order"": 0}, {""type"": ""incremental"",""value"": ""1"",""count"": 0,""order"": 1}],""direction"": ""column"",""vunits"": 2,""hunits"": 2,""flex"": ""0.2""}, {""portLayoutX"": ""6"",""portLayoutY"": ""1"",""encLayoutX"": 0,""encLayoutY"": 0,""partitionType"": ""Connectable"",""portOrientation"": 1,""portType"": 1,""mediaType"": 1,""portNameFormat"": [{""type"": ""static"",""value"": ""Port"",""count"": 0,""order"": 0}, {""type"": ""incremental"",""value"": ""1"",""count"": 0,""order"": 1}],""direction"": ""column"",""vunits"": 2,""hunits"": 3,""flex"": ""0.3""}]}]]}"
